ID,name,year,occ,loc,state,studentflag,SOC,main,sub
91,Ryan Cook,2004,graduate student,"Eveleth, Minnesota",minnesota,,56-GradStu,56,GradStu
94,Dave Oosterhuis,2004,graduate student,"Minneapolis, Minnesota",minnesota,,56-GradStu,56,GradStu
624,Brian Weikle,2003,consultant,"Minneapolis, Minnesota",minnesota,,59-Consultant,59,Consultant
4596,Jean Doolittle,2008,tech trainer,"Ham Lake, Minnesota",minnesota,,,9999,9999
7661,Kirby Burnett,2012,poker dealer,"Prior Lake, Minnesota",minnesota,,39-3011,39,3011
8719,Kathy Johnson,2013,restaurant manager,"Minnetonka, Minnesota",minnesota,,11-9051,11,9051
251,Bruce Simmons,1992,graduate student,"Minneapolis, Minnesota",minnesota,,56-GradStu,56,GradStu
6187,Sam Daub,2002,eleven-year-old,"Eden Prairie, Minnesota",minnesota,TRUE,56-MiscStudent,56,MiscStudent
2721,Bob Hansen,1987,proofreader,"St. Paul, Minnesota",minnesota,,43-9081,43,9081
4193,Kate Lowe,2000,internet copywriter,"Shoreview, Minnesota",minnesota,,,9999,9999
5677,Collette Ryder-Consugar,2003,grant specialist,"Rochester, Minnesota",minnesota,,,9999,9999
1728,Eric Heaton,2006,software engineer,"St. Cloud, Minnesota",minnesota,,15-1131CU,15,1131CU
1582,Jeff Pilgreen,1997,waiter,"Woodbury, Minnesota",minnesota,,,9999,9999
7771,Doug Zang,1996,environmental consultant,"Saint Paul, Minnesota",minnesota,,59-Consultant,59,Consultant
8077,Beth Youngers,2012,swim coach,"Rochester, Minnesota",minnesota,,,9999,9999
1449,Mary Keefe,2006,waitress,"Edina, Minnesota",minnesota,,,9999,9999
199,Mia Hasouris,2005,apherisis recruiter and graduate student,"St. Paul, Minnesota",minnesota,,56-MiscStudent,56,MiscStudent
3266,Alan Husby,2007,teacher,"Minneapolis, Minnesota",minnesota,,25-MiscTeacher,25,MiscTeacher
3386,Susan Stowe,1989,travel agent,"Plymouth, Minnesota",minnesota,,41-3041,41,3041
4234,Camille Brovold,2000,bank trust officer,"Eagan, Minnesota",minnesota,,,9999,9999
4231,Mark Chapman,2000,cook,"Minneapolis, Minnesota",minnesota,,,9999,9999
1327,Glenda Niemiec,2005,payroll specialist,"St. Paul, Minnesota",minnesota,,,9999,9999
8353,Colleen Yarnell,1986,homemaker,Minnesota,minnesota,,Unemployed,Unemployed,9999
3414,Heidi Liu,2007,senior,"Plymouth, Minnesota",minnesota,TRUE,56-MiscStudent,56,MiscStudent
3976,Aiden Pink,2007,freshman,"St. Louis Park, Minnesota",minnesota,TRUE,56-MiscStudent,56,MiscStudent
3620,Susan Herder,2007,science teacher,"St. Paul, Minnesota",minnesota,,,9999,9999
1020,Keith Pickering,1990,programmer and analyst,"Watertown, Minnesota",minnesota,,,9999,9999
6126,A.J. Schumacher,2009,radio show production intern,"St. Paul, Minnesota",minnesota,,,9999,9999
2071,Cindy Olson,2000,dermatologist,"Minneapolis, Minnesota",minnesota,,29-1069,29,1069
4254,Glen Stevens,2000,assistant principal,"Cottage Grove, Minnesota",minnesota,,,9999,9999
7698,Kathryn Wendling,2012,high school social studies teacher,"Farmington, Minnesota",minnesota,,25-2031,25,2031
3815,Marta Bowman,2007,sales assistant,"Minneapolis, Minnesota",minnesota,,,9999,9999
6986,Marisa Tam,2010,archives assistant,"Minneapolis, Minnesota",minnesota,,,9999,9999
6980,Katie Ganfield,2010,mom,"St. Cloud, Minnesota",minnesota,,,9999,9999
2982,Christian Ruud,2006,judicial law clerk,"St. Paul, Minnesota",minnesota,,,9999,9999
5707,Brian Hayes,2003,attorney,"Minneapolis, Minnesota",minnesota,,23-1011,23,1011
4163,Mike Blumenfeld,2000,network administrator,"Minneapolis, Minnesota",minnesota,,,9999,9999
8423,Mike Lewis,2013,systems engineer,"Bloomington, Minnesota",minnesota,,,9999,9999
7366,Sam Meyer,2011,graduate student of Middle Eastern studies,"St. Joseph, Minnesota",minnesota,,56-MiscStudent,56,MiscStudent
4146,Bob Lahr,2000,franchise owner,"St. Cloud, Minnesota",minnesota,,,9999,9999
6664,Samira Missaghi,2010,junior,the University of Minnesota,minnesota,TRUE,56-MiscStudent,56,MiscStudent
4121,Melissa Gaul,2000,quality manager,"Shoreview, Minnesota",minnesota,,,9999,9999
5978,Joe Pieper,2009,research engineer,"Minneapolis, Minnesota",minnesota,,,9999,9999
2633,Mike Blumenfeld,2000,network administrator,"Minneapolis, Minnesota",minnesota,,,9999,9999
6841,Gordon Purcell,2010,comic book artist,"Plymouth, Minnesota",minnesota,,27-1013,27,1013
4483,Erin Holm,2007,new learner experience coordinator,"St. Anthony, Minnesota",minnesota,,,9999,9999
4489,Michael Levin,2000,actor & writer,"Minneapolis, Minnesota",minnesota,,,9999,9999
3717,Eric Hillemann,2000,college archivist,"Northfield, Minnesota",minnesota,,,9999,9999
8170,Lila Anderson,2013,junior,"Minnetonka, Minnesota",minnesota,TRUE,56-MiscStudent,56,MiscStudent
8177,Joe Vertnik,2013,senior,"Mound, Minnesota",minnesota,TRUE,56-MiscStudent,56,MiscStudent
2675,Joseph Crippen,2000,Lutheran pastor,"Northfield, Minnesota",minnesota,,,9999,9999
7675,Charlie Rooney,2012,sophomore at Loyola University Chicago,"Minneapolis, Minnesota",minnesota,TRUE,56-MiscStudent,56,MiscStudent
1751,Brian Weikle,2003,project manager,"Minneapolis, Minnesota",minnesota,,57-ProjMgr,57,ProjMgr
8765,Sarah Orman,2013,travel planner,"Shoreview, Minnesota",minnesota,,,9999,9999
3694,Melissa Gaul,2000,quality assurance manager,"Shoreview, Minnesota",minnesota,,,9999,9999
1148,Tisa Lawless,1996,pathologist's assistant,"Long Lake, Minnesota",minnesota,,,9999,9999
4815,Ryan Thiel,1999,sign language interpreter,"Minneapolis, Minnesota",minnesota,,,9999,9999
6190,Emily Heaney,2009,freelance costume designer,"White Bear Lake, Minnesota",minnesota,,,9999,9999
6228,Kathleen O'Day,2009,home decor product manager,"Oakdale, Minnesota",minnesota,,,9999,9999
5042,Alyssa Hesse,2008,waitress,"Hastings, Minnesota",minnesota,,,9999,9999
6245,Derek Schaible,2000,11-year-old,"St. Paul, Minnesota",minnesota,TRUE,56-MiscStudent,56,MiscStudent
3018,John Becker,2001,publications editor,"Oakdale, Minnesota",minnesota,,27-3041,27,3041
4182,Erich Steinbergs,2000,entrepreneur,"Minneapolis, Minnesota",minnesota,,,9999,9999
7763,Amy Ketterling,2012,administrative assistant,"Minneapolis, Minnesota",minnesota,,,9999,9999
3657,Misha Dashevsky,2007,grocery clerk,"Minneapolis, Minnesota",minnesota,,,9999,9999
4408,Kate Swenson,2007,law student,"Minneapolis, Minnesota",minnesota,,23-LawStudent,23,LawStudent
5395,Rebecca Molloy,2008,attorney,"St. Paul, Minnesota",minnesota,,23-1011,23,1011
7157,Sarah Olson,2011,chemist,"Saint Paul, Minnesota",minnesota,,,9999,9999
7480,Matt Douma,2011,standardized test scorer,"Minneapolis, Minnesota",minnesota,,,9999,9999
8601,Timothy Youker,2013,theater scholar,"Chanhassen, Minnesota",minnesota,,,9999,9999
4790,Ellen Lucast,2008,graduate student and radio deejay,"Minneapolis, Minnesota",minnesota,,56-MiscStudent,56,MiscStudent
8308,Eric Nelson,2013,teacher and small business owner,"Minneapolis, Minnesota",minnesota,,25-MiscTeacher,25,MiscTeacher
1452,George Soule,1990,teacher,"Northfield, Minnesota",minnesota,,25-MiscTeacher,25,MiscTeacher
5585,Neil Alsip,2003,writer,"Minneapolis, Minnesota",minnesota,,27-Writer,27,Writer
7119,Julia Carlis,2010,librarian,"Minneapolis, Minnesota",minnesota,,25-4021CU,25,4021CU
644,April McManus,1992,bookstore clerk and 1992 Teen Tournament champion,"Woodbury, Minnesota",minnesota,,,9999,9999
8625,Tim Casey,1987,graphic artist,"St. Paul, Minnesota",minnesota,,27-1024,27,1024
8342,Judy Arginteanu,2013,freelance writer and editor,"Minneapolis, Minnesota",minnesota,,27-Writer,27,Writer
8974,Joe Morse,2014,coast guard helicopter mechanic,"Minneapolis, Minnesota",minnesota,,,9999,9999
2839,Carl Swanson,2006,medical office assistant,"Minneapolis, Minnesota",minnesota,,,9999,9999
3393,Nate Metcalf,2007,actor and playwright,"Cokato, Minnesota",minnesota,,,9999,9999
5401,Mark Raabe,2008,IT director,"Coon Rapids, Minnesota",minnesota,,,9999,9999
4912,Meredith Johnson,2008,senior,University of Minnesota,minnesota,TRUE,56-MiscStudent,56,MiscStudent
281,Mike Dugan,2000,first-year law student,"Lauderdale, Minnesota",minnesota,,56-MiscStudent,56,MiscStudent
344,Steven Popper,1988,economist,"Minneapolis, Minnesota",minnesota,,19-3011,19,3011
8230,Drew Horwood,2013,business analyst,"Minneapolis, Minnesota",minnesota,,13-1111,13,1111
650,April McManus,1992,senior,"Woodbury, Minnesota",minnesota,TRUE,56-MiscStudent,56,MiscStudent
1603,Lisa Newell,1997,customer service representative,"Minneapolis, Minnesota",minnesota,,,9999,9999
908,Karen Arciero,2005,sales manager,"Mounds View, Minnesota",minnesota,,,9999,9999
7339,Lisa Bloomberg,2011,medical student,"Minneapolis, Minnesota",minnesota,,11-MedicalStu,11,MedicalStu
857,Jennifer Weiner,2005,underwriting manager,"Chanhassen, Minnesota",minnesota,,,9999,9999
6692,Mayank Keshaviah,2010,SAT teacher,"Minneapolis, Minnesota",minnesota,,25-MiscTeacher,25,MiscTeacher
6340,Gary Bechtold,2009,garage door company owner,"St. Cloud, Minnesota",minnesota,,,9999,9999
2853,Roger Bauman,1997,financial analyst,"St. Paul, Minnesota",minnesota,,,9999,9999
8407,Sandi Engquist,1993,college bookstore clerk,"Minneapolis, Minnesota",minnesota,,,9999,9999
4159,Joanne Platt,2007,waitress,"Minneapolis, Minnesota",minnesota,,,9999,9999
738,Myron Meyer,2002,scheduling coordinator,"Owatonna, Minnesota",minnesota,,,9999,9999
6380,Josh Forsythe,2009,radio frequency engineer,"Mankato, Minnesota",minnesota,,,9999,9999
4542,Tom Hoover,2001,student dentist,"Minneapolis, Minnesota",minnesota,,56-MiscStudent,56,MiscStudent
775,Corinth Mat�ra,2005,high school English teacher,"Minneapolis, Minnesota",minnesota,,25-2031,25,2031
73,Jennifer Harriss,2004,community counselor,"Minneapolis, Minnesota",minnesota,,,9999,9999
2756,Brian Weikle,2003,project manager,"Minneapolis, Minnesota",minnesota,,57-ProjMgr,57,ProjMgr
5944,Fred Beukema,2009,structural engineer,"Minneapolis, Minnesota",minnesota,,17-2051,17,2051
3557,Jim Waldo,2007,consultant,"Medina, Minnesota",minnesota,,59-Consultant,59,Consultant
5770,Michele Lee Amundsen,2009,freelance editor and writer,"Rochester, Minnesota",minnesota,,27-Writer,27,Writer
8800,Tahne Aarnes,2013,business intelligence consultant,"Chasta, Minnesota",minnesota,,59-Consultant,59,Consultant
3576,Tom Gort,2007,prosecutor,"Winona, Minnesota",minnesota,,23-1011,23,1011
119,David Hankins,2004,college student,"Minneapolis, Minnesota",minnesota,,56-MiscStudent,56,MiscStudent
6832,Nick Yozamp,2010,biology student,"St. Cloud, Minnesota",minnesota,,56-MiscStudent,56,MiscStudent
8820,Jenna Johnson,2013,law student,"Minneapolis, Minnesota",minnesota,,23-LawStudent,23,LawStudent
